{"cameraMode":{"drawMode":0,"name":"Shaded","section":"Shading Mode"},"sceneLighting":true,"audioPlay":false,"sceneViewState":{"m_AlwaysRefresh":false,"showFog":true,"showSkybox":true,"showFlares":true,"showImageEffects":true,"showParticleSystems":true,"showVisualEffectGraphs":true,"m_FxEnabled":true},"in2DMode":false,"pivot":{"x":-0.17457468807697297,"y":1.9186413288116456,"z":-0.22446155548095704},"rotation":{"x":0.011999689042568207,"y":0.0014999032719060779,"z":-0.000017991556887864135,"w":0.9999285340309143},"size":19.995391845703126,"orthographic":false}